{
  "marketData": [
    {
      "points": [
        {
          "y": null, 
          "x": 1, 
          "z": null, 
          "values": [
            0.0077
          ]
        }, 
        {
          "y": null, 
          "x": 2, 
          "z": null, 
          "values": [
            0.007643799999999999
          ]
        }, 
        {
          "y": null, 
          "x": 3, 
          "z": null, 
          "values": [
            0.007625
          ]
        }, 
        {
          "y": null, 
          "x": 4, 
          "z": null, 
          "values": [
            0.007574999999999999
          ]
        }, 
        {
          "y": null, 
          "x": 7, 
          "z": null, 
          "values": [
            0.0075287999999999996
          ]
        }, 
        {
          "y": null, 
          "x": 8, 
          "z": null, 
          "values": [
            0.0074413
          ]
        }, 
        {
          "y": null, 
          "x": 9, 
          "z": null, 
          "values": [
            0.0074
          ]
        }, 
        {
          "y": null, 
          "x": 10, 
          "z": null, 
          "values": [
            0.0073875
          ]
        }, 
        {
          "y": null, 
          "x": 11, 
          "z": null, 
          "values": [
            0.00735
          ]
        }, 
        {
          "y": null, 
          "x": 14, 
          "z": null, 
          "values": [
            0.00735
          ]
        }, 
        {
          "y": null, 
          "x": 15, 
          "z": null, 
          "values": [
            0.0072625
          ]
        }, 
        {
          "y": null, 
          "x": 16, 
          "z": null, 
          "values": [
            0.0071938
          ]
        }, 
        {
          "y": null, 
          "x": 17, 
          "z": null, 
          "values": [
            0.007125
          ]
        }, 
        {
          "y": null, 
          "x": 18, 
          "z": null, 
          "values": [
            0.0070563
          ]
        }, 
        {
          "y": null, 
          "x": 21, 
          "z": null, 
          "values": [
            0.0070374999999999995
          ]
        }, 
        {
          "y": null, 
          "x": 22, 
          "z": null, 
          "values": [
            0.007025
          ]
        }, 
        {
          "y": null, 
          "x": 23, 
          "z": null, 
          "values": [
            0.0070187999999999995
          ]
        }, 
        {
          "y": null, 
          "x": 24, 
          "z": null, 
          "values": [
            0.0070275
          ]
        }, 
        {
          "y": null, 
          "x": 25, 
          "z": null, 
          "values": [
            0.007028799999999999
          ]
        }, 
        {
          "y": null, 
          "x": 28, 
          "z": null, 
          "values": [
            0.007031300000000001
          ]
        }, 
        {
          "y": null, 
          "x": 29, 
          "z": null, 
          "values": [
            0.0070125000000000005
          ]
        }, 
        {
          "y": null, 
          "x": 30, 
          "z": null, 
          "values": [
            0.007031300000000001
          ]
        }, 
        {
          "y": null, 
          "x": 31, 
          "z": null, 
          "values": [
            0.007025
          ]
        }, 
        {
          "y": null, 
          "x": 32, 
          "z": null, 
          "values": [
            0.0070063
          ]
        }, 
        {
          "y": null, 
          "x": 35, 
          "z": null, 
          "values": [
            0.0069938
          ]
        }, 
        {
          "y": null, 
          "x": 36, 
          "z": null, 
          "values": [
            0.006925
          ]
        }, 
        {
          "y": null, 
          "x": 37, 
          "z": null, 
          "values": [
            0.0069
          ]
        }, 
        {
          "y": null, 
          "x": 38, 
          "z": null, 
          "values": [
            0.0068625000000000005
          ]
        }, 
        {
          "y": null, 
          "x": 39, 
          "z": null, 
          "values": [
            0.0068766
          ]
        }, 
        {
          "y": null, 
          "x": 42, 
          "z": null, 
          "values": [
            0.0068688
          ]
        }, 
        {
          "y": null, 
          "x": 43, 
          "z": null, 
          "values": [
            0.00685
          ]
        }, 
        {
          "y": null, 
          "x": 44, 
          "z": null, 
          "values": [
            0.0068375
          ]
        }, 
        {
          "y": null, 
          "x": 45, 
          "z": null, 
          "values": [
            0.0068438
          ]
        }, 
        {
          "y": null, 
          "x": 46, 
          "z": null, 
          "values": [
            0.006825
          ]
        }, 
        {
          "y": null, 
          "x": 49, 
          "z": null, 
          "values": [
            0.0068125
          ]
        }, 
        {
          "y": null, 
          "x": 50, 
          "z": null, 
          "values": [
            0.0068125
          ]
        }, 
        {
          "y": null, 
          "x": 51, 
          "z": null, 
          "values": [
            0.006787499999999999
          ]
        }, 
        {
          "y": null, 
          "x": 52, 
          "z": null, 
          "values": [
            0.0067125
          ]
        }, 
        {
          "y": null, 
          "x": 53, 
          "z": null, 
          "values": [
            0.0067125
          ]
        }, 
        {
          "y": null, 
          "x": 56, 
          "z": null, 
          "values": [
            0.0067125
          ]
        }, 
        {
          "y": null, 
          "x": 57, 
          "z": null, 
          "values": [
            0.0066938
          ]
        }, 
        {
          "y": null, 
          "x": 58, 
          "z": null, 
          "values": [
            0.0067
          ]
        }, 
        {
          "y": null, 
          "x": 59, 
          "z": null, 
          "values": [
            0.0066875
          ]
        }, 
        {
          "y": null, 
          "x": 60, 
          "z": null, 
          "values": [
            0.0066500000000000005
          ]
        }, 
        {
          "y": null, 
          "x": 63, 
          "z": null, 
          "values": [
            0.0066125
          ]
        }, 
        {
          "y": null, 
          "x": 64, 
          "z": null, 
          "values": [
            0.0065937999999999995
          ]
        }, 
        {
          "y": null, 
          "x": 65, 
          "z": null, 
          "values": [
            0.0065438
          ]
        }, 
        {
          "y": null, 
          "x": 66, 
          "z": null, 
          "values": [
            0.0065063000000000005
          ]
        }, 
        {
          "y": null, 
          "x": 67, 
          "z": null, 
          "values": [
            0.006475
          ]
        }, 
        {
          "y": null, 
          "x": 70, 
          "z": null, 
          "values": [
            0.0064437999999999995
          ]
        }, 
        {
          "y": null, 
          "x": 71, 
          "z": null, 
          "values": [
            0.006375
          ]
        }, 
        {
          "y": null, 
          "x": 72, 
          "z": null, 
          "values": [
            0.0063375
          ]
        }, 
        {
          "y": null, 
          "x": 73, 
          "z": null, 
          "values": [
            0.006325
          ]
        }, 
        {
          "y": null, 
          "x": 78, 
          "z": null, 
          "values": [
            0.006325
          ]
        }, 
        {
          "y": null, 
          "x": 79, 
          "z": null, 
          "values": [
            0.0063124999999999995
          ]
        }, 
        {
          "y": null, 
          "x": 80, 
          "z": null, 
          "values": [
            0.0063
          ]
        }, 
        {
          "y": null, 
          "x": 81, 
          "z": null, 
          "values": [
            0.0062625
          ]
        }, 
        {
          "y": null, 
          "x": 84, 
          "z": null, 
          "values": [
            0.0062625
          ]
        }, 
        {
          "y": null, 
          "x": 85, 
          "z": null, 
          "values": [
            0.0062188
          ]
        }, 
        {
          "y": null, 
          "x": 86, 
          "z": null, 
          "values": [
            0.0062087999999999996
          ]
        }, 
        {
          "y": null, 
          "x": 87, 
          "z": null, 
          "values": [
            0.0062063000000000005
          ]
        }, 
        {
          "y": null, 
          "x": 88, 
          "z": null, 
          "values": [
            0.0062063000000000005
          ]
        }, 
        {
          "y": null, 
          "x": 91, 
          "z": null, 
          "values": [
            0.0061813
          ]
        }, 
        {
          "y": null, 
          "x": 92, 
          "z": null, 
          "values": [
            0.00615
          ]
        }, 
        {
          "y": null, 
          "x": 93, 
          "z": null, 
          "values": [
            0.006175000000000001
          ]
        }, 
        {
          "y": null, 
          "x": 94, 
          "z": null, 
          "values": [
            0.006175000000000001
          ]
        }, 
        {
          "y": null, 
          "x": 95, 
          "z": null, 
          "values": [
            0.006175000000000001
          ]
        }, 
        {
          "y": null, 
          "x": 99, 
          "z": null, 
          "values": [
            0.006137500000000001
          ]
        }, 
        {
          "y": null, 
          "x": 100, 
          "z": null, 
          "values": [
            0.006125
          ]
        }, 
        {
          "y": null, 
          "x": 101, 
          "z": null, 
          "values": [
            0.0061125
          ]
        }, 
        {
          "y": null, 
          "x": 102, 
          "z": null, 
          "values": [
            0.006125
          ]
        }, 
        {
          "y": null, 
          "x": 105, 
          "z": null, 
          "values": [
            0.0060999999999999995
          ]
        }, 
        {
          "y": null, 
          "x": 106, 
          "z": null, 
          "values": [
            0.006125
          ]
        }, 
        {
          "y": null, 
          "x": 107, 
          "z": null, 
          "values": [
            0.0061125
          ]
        }, 
        {
          "y": null, 
          "x": 108, 
          "z": null, 
          "values": [
            0.0060999999999999995
          ]
        }, 
        {
          "y": null, 
          "x": 109, 
          "z": null, 
          "values": [
            0.0060875
          ]
        }, 
        {
          "y": null, 
          "x": 112, 
          "z": null, 
          "values": [
            0.0060875
          ]
        }, 
        {
          "y": null, 
          "x": 113, 
          "z": null, 
          "values": [
            0.0060750000000000005
          ]
        }, 
        {
          "y": null, 
          "x": 114, 
          "z": null, 
          "values": [
            0.0060375
          ]
        }, 
        {
          "y": null, 
          "x": 115, 
          "z": null, 
          "values": [
            0.006025
          ]
        }, 
        {
          "y": null, 
          "x": 116, 
          "z": null, 
          "values": [
            0.006
          ]
        }, 
        {
          "y": null, 
          "x": 120, 
          "z": null, 
          "values": [
            0.005975
          ]
        }, 
        {
          "y": null, 
          "x": 121, 
          "z": null, 
          "values": [
            0.0059499999999999996
          ]
        }, 
        {
          "y": null, 
          "x": 122, 
          "z": null, 
          "values": [
            0.005962499999999999
          ]
        }, 
        {
          "y": null, 
          "x": 123, 
          "z": null, 
          "values": [
            0.0059765999999999994
          ]
        }, 
        {
          "y": null, 
          "x": 126, 
          "z": null, 
          "values": [
            0.005975
          ]
        }, 
        {
          "y": null, 
          "x": 127, 
          "z": null, 
          "values": [
            0.0059499999999999996
          ]
        }, 
        {
          "y": null, 
          "x": 128, 
          "z": null, 
          "values": [
            0.005925000000000001
          ]
        }, 
        {
          "y": null, 
          "x": 129, 
          "z": null, 
          "values": [
            0.0059
          ]
        }, 
        {
          "y": null, 
          "x": 130, 
          "z": null, 
          "values": [
            0.005875
          ]
        }, 
        {
          "y": null, 
          "x": 133, 
          "z": null, 
          "values": [
            0.0058625000000000005
          ]
        }, 
        {
          "y": null, 
          "x": 134, 
          "z": null, 
          "values": [
            0.005849999999999999
          ]
        }, 
        {
          "y": null, 
          "x": 135, 
          "z": null, 
          "values": [
            0.0058
          ]
        }, 
        {
          "y": null, 
          "x": 136, 
          "z": null, 
          "values": [
            0.005812500000000001
          ]
        }, 
        {
          "y": null, 
          "x": 137, 
          "z": null, 
          "values": [
            0.005812500000000001
          ]
        }, 
        {
          "y": null, 
          "x": 140, 
          "z": null, 
          "values": [
            0.005825
          ]
        }, 
        {
          "y": null, 
          "x": 141, 
          "z": null, 
          "values": [
            0.0058
          ]
        }, 
        {
          "y": null, 
          "x": 142, 
          "z": null, 
          "values": [
            0.0058
          ]
        }, 
        {
          "y": null, 
          "x": 143, 
          "z": null, 
          "values": [
            0.0058313
          ]
        }, 
        {
          "y": null, 
          "x": 144, 
          "z": null, 
          "values": [
            0.005812500000000001
          ]
        }, 
        {
          "y": null, 
          "x": 147, 
          "z": null, 
          "values": [
            0.005812500000000001
          ]
        }, 
        {
          "y": null, 
          "x": 148, 
          "z": null, 
          "values": [
            0.005775
          ]
        }, 
        {
          "y": null, 
          "x": 149, 
          "z": null, 
          "values": [
            0.0057125000000000006
          ]
        }, 
        {
          "y": null, 
          "x": 150, 
          "z": null, 
          "values": [
            0.00565
          ]
        }, 
        {
          "y": null, 
          "x": 151, 
          "z": null, 
          "values": [
            0.005562500000000001
          ]
        }, 
        {
          "y": null, 
          "x": 154, 
          "z": null, 
          "values": [
            0.00555
          ]
        }, 
        {
          "y": null, 
          "x": 155, 
          "z": null, 
          "values": [
            0.0055249999999999995
          ]
        }, 
        {
          "y": null, 
          "x": 156, 
          "z": null, 
          "values": [
            0.0055125
          ]
        }, 
        {
          "y": null, 
          "x": 157, 
          "z": null, 
          "values": [
            0.0055125
          ]
        }, 
        {
          "y": null, 
          "x": 158, 
          "z": null, 
          "values": [
            0.0055000000000000005
          ]
        }, 
        {
          "y": null, 
          "x": 161, 
          "z": null, 
          "values": [
            0.005487499999999999
          ]
        }, 
        {
          "y": null, 
          "x": 162, 
          "z": null, 
          "values": [
            0.0054375
          ]
        }, 
        {
          "y": null, 
          "x": 163, 
          "z": null, 
          "values": [
            0.005350000000000001
          ]
        }, 
        {
          "y": null, 
          "x": 164, 
          "z": null, 
          "values": [
            0.0052875000000000005
          ]
        }, 
        {
          "y": null, 
          "x": 165, 
          "z": null, 
          "values": [
            0.00525
          ]
        }, 
        {
          "y": null, 
          "x": 168, 
          "z": null, 
          "values": [
            0.005237500000000001
          ]
        }, 
        {
          "y": null, 
          "x": 169, 
          "z": null, 
          "values": [
            0.0052125
          ]
        }, 
        {
          "y": null, 
          "x": 170, 
          "z": null, 
          "values": [
            0.0052
          ]
        }, 
        {
          "y": null, 
          "x": 171, 
          "z": null, 
          "values": [
            0.0051813
          ]
        }, 
        {
          "y": null, 
          "x": 172, 
          "z": null, 
          "values": [
            0.005175
          ]
        }, 
        {
          "y": null, 
          "x": 175, 
          "z": null, 
          "values": [
            0.005175
          ]
        }, 
        {
          "y": null, 
          "x": 176, 
          "z": null, 
          "values": [
            0.0051624999999999996
          ]
        }, 
        {
          "y": null, 
          "x": 177, 
          "z": null, 
          "values": [
            0.0051624999999999996
          ]
        }, 
        {
          "y": null, 
          "x": 178, 
          "z": null, 
          "values": [
            0.005075
          ]
        }, 
        {
          "y": null, 
          "x": 179, 
          "z": null, 
          "values": [
            0.005093800000000001
          ]
        }, 
        {
          "y": null, 
          "x": 182, 
          "z": null, 
          "values": [
            0.0050438
          ]
        }, 
        {
          "y": null, 
          "x": 183, 
          "z": null, 
          "values": [
            0.0050438
          ]
        }, 
        {
          "y": null, 
          "x": 184, 
          "z": null, 
          "values": [
            0.0050313
          ]
        }, 
        {
          "y": null, 
          "x": 185, 
          "z": null, 
          "values": [
            0.0050188
          ]
        }, 
        {
          "y": null, 
          "x": 186, 
          "z": null, 
          "values": [
            0.0050063
          ]
        }, 
        {
          "y": null, 
          "x": 189, 
          "z": null, 
          "values": [
            0.005
          ]
        }, 
        {
          "y": null, 
          "x": 190, 
          "z": null, 
          "values": [
            0.005
          ]
        }, 
        {
          "y": null, 
          "x": 191, 
          "z": null, 
          "values": [
            0.005
          ]
        }, 
        {
          "y": null, 
          "x": 192, 
          "z": null, 
          "values": [
            0.004987500000000001
          ]
        }, 
        {
          "y": null, 
          "x": 193, 
          "z": null, 
          "values": [
            0.004987500000000001
          ]
        }, 
        {
          "y": null, 
          "x": 196, 
          "z": null, 
          "values": [
            0.0049625
          ]
        }, 
        {
          "y": null, 
          "x": 197, 
          "z": null, 
          "values": [
            0.004925
          ]
        }, 
        {
          "y": null, 
          "x": 198, 
          "z": null, 
          "values": [
            0.004875
          ]
        }, 
        {
          "y": null, 
          "x": 199, 
          "z": null, 
          "values": [
            0.0048375
          ]
        }, 
        {
          "y": null, 
          "x": 200, 
          "z": null, 
          "values": [
            0.0048313
          ]
        }, 
        {
          "y": null, 
          "x": 203, 
          "z": null, 
          "values": [
            0.0048313
          ]
        }, 
        {
          "y": null, 
          "x": 204, 
          "z": null, 
          "values": [
            0.004824999999999999
          ]
        }, 
        {
          "y": null, 
          "x": 205, 
          "z": null, 
          "values": [
            0.004824999999999999
          ]
        }, 
        {
          "y": null, 
          "x": 206, 
          "z": null, 
          "values": [
            0.004824999999999999
          ]
        }, 
        {
          "y": null, 
          "x": 207, 
          "z": null, 
          "values": [
            0.0048063
          ]
        }, 
        {
          "y": null, 
          "x": 210, 
          "z": null, 
          "values": [
            0.0047938
          ]
        }, 
        {
          "y": null, 
          "x": 211, 
          "z": null, 
          "values": [
            0.0047563
          ]
        }, 
        {
          "y": null, 
          "x": 212, 
          "z": null, 
          "values": [
            0.0047563
          ]
        }, 
        {
          "y": null, 
          "x": 213, 
          "z": null, 
          "values": [
            0.0048188
          ]
        }, 
        {
          "y": null, 
          "x": 214, 
          "z": null, 
          "values": [
            0.0048125
          ]
        }, 
        {
          "y": null, 
          "x": 218, 
          "z": null, 
          "values": [
            0.0047625
          ]
        }, 
        {
          "y": null, 
          "x": 219, 
          "z": null, 
          "values": [
            0.0047625
          ]
        }, 
        {
          "y": null, 
          "x": 220, 
          "z": null, 
          "values": [
            0.00475
          ]
        }, 
        {
          "y": null, 
          "x": 221, 
          "z": null, 
          "values": [
            0.004725
          ]
        }, 
        {
          "y": null, 
          "x": 224, 
          "z": null, 
          "values": [
            0.0046875
          ]
        }, 
        {
          "y": null, 
          "x": 225, 
          "z": null, 
          "values": [
            0.0046500000000000005
          ]
        }, 
        {
          "y": null, 
          "x": 226, 
          "z": null, 
          "values": [
            0.0046375
          ]
        }, 
        {
          "y": null, 
          "x": 227, 
          "z": null, 
          "values": [
            0.0046125
          ]
        }, 
        {
          "y": null, 
          "x": 228, 
          "z": null, 
          "values": [
            0.0045625
          ]
        }, 
        {
          "y": null, 
          "x": 231, 
          "z": null, 
          "values": [
            0.004531299999999999
          ]
        }, 
        {
          "y": null, 
          "x": 232, 
          "z": null, 
          "values": [
            0.0045125
          ]
        }, 
        {
          "y": null, 
          "x": 233, 
          "z": null, 
          "values": [
            0.004475
          ]
        }, 
        {
          "y": null, 
          "x": 234, 
          "z": null, 
          "values": [
            0.004475
          ]
        }, 
        {
          "y": null, 
          "x": 235, 
          "z": null, 
          "values": [
            0.0044624999999999995
          ]
        }, 
        {
          "y": null, 
          "x": 238, 
          "z": null, 
          "values": [
            0.0044624999999999995
          ]
        }, 
        {
          "y": null, 
          "x": 239, 
          "z": null, 
          "values": [
            0.0044624999999999995
          ]
        }, 
        {
          "y": null, 
          "x": 240, 
          "z": null, 
          "values": [
            0.00445
          ]
        }, 
        {
          "y": null, 
          "x": 241, 
          "z": null, 
          "values": [
            0.0044063
          ]
        }, 
        {
          "y": null, 
          "x": 242, 
          "z": null, 
          "values": [
            0.0044125
          ]
        }, 
        {
          "y": null, 
          "x": 245, 
          "z": null, 
          "values": [
            0.0044125
          ]
        }, 
        {
          "y": null, 
          "x": 246, 
          "z": null, 
          "values": [
            0.004425
          ]
        }, 
        {
          "y": null, 
          "x": 247, 
          "z": null, 
          "values": [
            0.0043875
          ]
        }, 
        {
          "y": null, 
          "x": 248, 
          "z": null, 
          "values": [
            0.0043438
          ]
        }, 
        {
          "y": null, 
          "x": 249, 
          "z": null, 
          "values": [
            0.0043188
          ]
        }, 
        {
          "y": null, 
          "x": 252, 
          "z": null, 
          "values": [
            0.0043188
          ]
        }, 
        {
          "y": null, 
          "x": 253, 
          "z": null, 
          "values": [
            0.0043188
          ]
        }, 
        {
          "y": null, 
          "x": 254, 
          "z": null, 
          "values": [
            0.0043188
          ]
        }, 
        {
          "y": null, 
          "x": 255, 
          "z": null, 
          "values": [
            0.0043125
          ]
        }, 
        {
          "y": null, 
          "x": 256, 
          "z": null, 
          "values": [
            0.0043125
          ]
        }, 
        {
          "y": null, 
          "x": 259, 
          "z": null, 
          "values": [
            0.0043
          ]
        }, 
        {
          "y": null, 
          "x": 260, 
          "z": null, 
          "values": [
            0.0043
          ]
        }, 
        {
          "y": null, 
          "x": 261, 
          "z": null, 
          "values": [
            0.0042875000000000005
          ]
        }, 
        {
          "y": null, 
          "x": 262, 
          "z": null, 
          "values": [
            0.0042875000000000005
          ]
        }, 
        {
          "y": null, 
          "x": 263, 
          "z": null, 
          "values": [
            0.00425
          ]
        }, 
        {
          "y": null, 
          "x": 266, 
          "z": null, 
          "values": [
            0.0042375
          ]
        }, 
        {
          "y": null, 
          "x": 267, 
          "z": null, 
          "values": [
            0.0042563
          ]
        }, 
        {
          "y": null, 
          "x": 268, 
          "z": null, 
          "values": [
            0.0042375
          ]
        }, 
        {
          "y": null, 
          "x": 269, 
          "z": null, 
          "values": [
            0.0042313
          ]
        }, 
        {
          "y": null, 
          "x": 270, 
          "z": null, 
          "values": [
            0.0042313
          ]
        }, 
        {
          "y": null, 
          "x": 273, 
          "z": null, 
          "values": [
            0.0042438
          ]
        }, 
        {
          "y": null, 
          "x": 274, 
          "z": null, 
          "values": [
            0.0042438
          ]
        }, 
        {
          "y": null, 
          "x": 275, 
          "z": null, 
          "values": [
            0.0042188
          ]
        }, 
        {
          "y": null, 
          "x": 276, 
          "z": null, 
          "values": [
            0.0042063
          ]
        }, 
        {
          "y": null, 
          "x": 277, 
          "z": null, 
          "values": [
            0.0042063
          ]
        }, 
        {
          "y": null, 
          "x": 280, 
          "z": null, 
          "values": [
            0.0041938
          ]
        }, 
        {
          "y": null, 
          "x": 281, 
          "z": null, 
          "values": [
            0.0041813
          ]
        }, 
        {
          "y": null, 
          "x": 282, 
          "z": null, 
          "values": [
            0.0041813
          ]
        }, 
        {
          "y": null, 
          "x": 283, 
          "z": null, 
          "values": [
            0.004168799999999999
          ]
        }, 
        {
          "y": null, 
          "x": 284, 
          "z": null, 
          "values": [
            0.0041625
          ]
        }, 
        {
          "y": null, 
          "x": 287, 
          "z": null, 
          "values": [
            0.00415
          ]
        }, 
        {
          "y": null, 
          "x": 288, 
          "z": null, 
          "values": [
            0.0041125
          ]
        }, 
        {
          "y": null, 
          "x": 289, 
          "z": null, 
          "values": [
            0.0040999999999999995
          ]
        }, 
        {
          "y": null, 
          "x": 290, 
          "z": null, 
          "values": [
            0.0040999999999999995
          ]
        }, 
        {
          "y": null, 
          "x": 291, 
          "z": null, 
          "values": [
            0.0040999999999999995
          ]
        }, 
        {
          "y": null, 
          "x": 294, 
          "z": null, 
          "values": [
            0.0040812999999999995
          ]
        }, 
        {
          "y": null, 
          "x": 295, 
          "z": null, 
          "values": [
            0.0040812999999999995
          ]
        }, 
        {
          "y": null, 
          "x": 296, 
          "z": null, 
          "values": [
            0.0040625
          ]
        }, 
        {
          "y": null, 
          "x": 297, 
          "z": null, 
          "values": [
            0.0040313
          ]
        }, 
        {
          "y": null, 
          "x": 298, 
          "z": null, 
          "values": [
            0.0040188
          ]
        }, 
        {
          "y": null, 
          "x": 301, 
          "z": null, 
          "values": [
            0.0040063
          ]
        }, 
        {
          "y": null, 
          "x": 302, 
          "z": null, 
          "values": [
            0.003975
          ]
        }, 
        {
          "y": null, 
          "x": 303, 
          "z": null, 
          "values": [
            0.0039625
          ]
        }, 
        {
          "y": null, 
          "x": 304, 
          "z": null, 
          "values": [
            0.00395
          ]
        }, 
        {
          "y": null, 
          "x": 305, 
          "z": null, 
          "values": [
            0.0039625
          ]
        }, 
        {
          "y": null, 
          "x": 308, 
          "z": null, 
          "values": [
            0.0039375
          ]
        }, 
        {
          "y": null, 
          "x": 309, 
          "z": null, 
          "values": [
            0.0038374999999999998
          ]
        }, 
        {
          "y": null, 
          "x": 310, 
          "z": null, 
          "values": [
            0.0038
          ]
        }, 
        {
          "y": null, 
          "x": 311, 
          "z": null, 
          "values": [
            0.003775
          ]
        }, 
        {
          "y": null, 
          "x": 312, 
          "z": null, 
          "values": [
            0.0037625
          ]
        }, 
        {
          "y": null, 
          "x": 315, 
          "z": null, 
          "values": [
            0.0037375000000000004
          ]
        }, 
        {
          "y": null, 
          "x": 316, 
          "z": null, 
          "values": [
            0.0037313000000000003
          ]
        }, 
        {
          "y": null, 
          "x": 317, 
          "z": null, 
          "values": [
            0.0037188
          ]
        }, 
        {
          "y": null, 
          "x": 318, 
          "z": null, 
          "values": [
            0.0037188
          ]
        }, 
        {
          "y": null, 
          "x": 319, 
          "z": null, 
          "values": [
            0.0037188
          ]
        }, 
        {
          "y": null, 
          "x": 322, 
          "z": null, 
          "values": [
            0.0037063
          ]
        }, 
        {
          "y": null, 
          "x": 323, 
          "z": null, 
          "values": [
            0.0037063
          ]
        }, 
        {
          "y": null, 
          "x": 324, 
          "z": null, 
          "values": [
            0.0037
          ]
        }, 
        {
          "y": null, 
          "x": 325, 
          "z": null, 
          "values": [
            0.0037
          ]
        }, 
        {
          "y": null, 
          "x": 326, 
          "z": null, 
          "values": [
            0.0037
          ]
        }, 
        {
          "y": null, 
          "x": 329, 
          "z": null, 
          "values": [
            0.0037
          ]
        }, 
        {
          "y": null, 
          "x": 330, 
          "z": null, 
          "values": [
            0.0037
          ]
        }, 
        {
          "y": null, 
          "x": 331, 
          "z": null, 
          "values": [
            0.0037
          ]
        }, 
        {
          "y": null, 
          "x": 332, 
          "z": null, 
          "values": [
            0.0037
          ]
        }, 
        {
          "y": null, 
          "x": 337, 
          "z": null, 
          "values": [
            0.0037
          ]
        }, 
        {
          "y": null, 
          "x": 338, 
          "z": null, 
          "values": [
            0.0036875000000000002
          ]
        }, 
        {
          "y": null, 
          "x": 339, 
          "z": null, 
          "values": [
            0.0036875000000000002
          ]
        }, 
        {
          "y": null, 
          "x": 343, 
          "z": null, 
          "values": [
            0.0036313
          ]
        }, 
        {
          "y": null, 
          "x": 344, 
          "z": null, 
          "values": [
            0.0036
          ]
        }, 
        {
          "y": null, 
          "x": 345, 
          "z": null, 
          "values": [
            0.0035875
          ]
        }, 
        {
          "y": null, 
          "x": 346, 
          "z": null, 
          "values": [
            0.0035625
          ]
        }, 
        {
          "y": null, 
          "x": 347, 
          "z": null, 
          "values": [
            0.0035625
          ]
        }, 
        {
          "y": null, 
          "x": 350, 
          "z": null, 
          "values": [
            0.0035625
          ]
        }, 
        {
          "y": null, 
          "x": 351, 
          "z": null, 
          "values": [
            0.0035625
          ]
        }, 
        {
          "y": null, 
          "x": 352, 
          "z": null, 
          "values": [
            0.0035563
          ]
        }, 
        {
          "y": null, 
          "x": 353, 
          "z": null, 
          "values": [
            0.0035563
          ]
        }, 
        {
          "y": null, 
          "x": 354, 
          "z": null, 
          "values": [
            0.0035437999999999997
          ]
        }, 
        {
          "y": null, 
          "x": 357, 
          "z": null, 
          "values": [
            0.0034999999999999996
          ]
        }, 
        {
          "y": null, 
          "x": 358, 
          "z": null, 
          "values": [
            0.003475
          ]
        }, 
        {
          "y": null, 
          "x": 359, 
          "z": null, 
          "values": [
            0.0034375
          ]
        }, 
        {
          "y": null, 
          "x": 360, 
          "z": null, 
          "values": [
            0.003425
          ]
        }, 
        {
          "y": null, 
          "x": 361, 
          "z": null, 
          "values": [
            0.003425
          ]
        }, 
        {
          "y": null, 
          "x": 364, 
          "z": null, 
          "values": [
            0.0034188
          ]
        }, 
        {
          "y": null, 
          "x": 365, 
          "z": null, 
          "values": [
            0.0034125
          ]
        }, 
        {
          "y": null, 
          "x": 366, 
          "z": null, 
          "values": [
            0.0034062999999999997
          ]
        }, 
        {
          "y": null, 
          "x": 367, 
          "z": null, 
          "values": [
            0.0034062999999999997
          ]
        }, 
        {
          "y": null, 
          "x": 368, 
          "z": null, 
          "values": [
            0.003425
          ]
        }, 
        {
          "y": null, 
          "x": 371, 
          "z": null, 
          "values": [
            0.0034125
          ]
        }, 
        {
          "y": null, 
          "x": 372, 
          "z": null, 
          "values": [
            0.0034000000000000002
          ]
        }, 
        {
          "y": null, 
          "x": 373, 
          "z": null, 
          "values": [
            0.0034000000000000002
          ]
        }, 
        {
          "y": null, 
          "x": 374, 
          "z": null, 
          "values": [
            0.0034000000000000002
          ]
        }, 
        {
          "y": null, 
          "x": 375, 
          "z": null, 
          "values": [
            0.0034062999999999997
          ]
        }, 
        {
          "y": null, 
          "x": 378, 
          "z": null, 
          "values": [
            0.0034000000000000002
          ]
        }, 
        {
          "y": null, 
          "x": 379, 
          "z": null, 
          "values": [
            0.0034000000000000002
          ]
        }, 
        {
          "y": null, 
          "x": 380, 
          "z": null, 
          "values": [
            0.0034000000000000002
          ]
        }, 
        {
          "y": null, 
          "x": 381, 
          "z": null, 
          "values": [
            0.0034000000000000002
          ]
        }, 
        {
          "y": null, 
          "x": 382, 
          "z": null, 
          "values": [
            0.0034000000000000002
          ]
        }, 
        {
          "y": null, 
          "x": 385, 
          "z": null, 
          "values": [
            0.0034000000000000002
          ]
        }, 
        {
          "y": null, 
          "x": 386, 
          "z": null, 
          "values": [
            0.0034000000000000002
          ]
        }, 
        {
          "y": null, 
          "x": 387, 
          "z": null, 
          "values": [
            0.0034000000000000002
          ]
        }, 
        {
          "y": null, 
          "x": 388, 
          "z": null, 
          "values": [
            0.0033875
          ]
        }, 
        {
          "y": null, 
          "x": 389, 
          "z": null, 
          "values": [
            0.0033750000000000004
          ]
        }, 
        {
          "y": null, 
          "x": 392, 
          "z": null, 
          "values": [
            0.0033750000000000004
          ]
        }, 
        {
          "y": null, 
          "x": 393, 
          "z": null, 
          "values": [
            0.0033688
          ]
        }, 
        {
          "y": null, 
          "x": 394, 
          "z": null, 
          "values": [
            0.0033688
          ]
        }, 
        {
          "y": null, 
          "x": 395, 
          "z": null, 
          "values": [
            0.0033688
          ]
        }, 
        {
          "y": null, 
          "x": 396, 
          "z": null, 
          "values": [
            0.0033688
          ]
        }, 
        {
          "y": null, 
          "x": 399, 
          "z": null, 
          "values": [
            0.0033688
          ]
        }, 
        {
          "y": null, 
          "x": 400, 
          "z": null, 
          "values": [
            0.0033688
          ]
        }, 
        {
          "y": null, 
          "x": 401, 
          "z": null, 
          "values": [
            0.0033625
          ]
        }, 
        {
          "y": null, 
          "x": 402, 
          "z": null, 
          "values": [
            0.0033563
          ]
        }, 
        {
          "y": null, 
          "x": 403, 
          "z": null, 
          "values": [
            0.00335
          ]
        }, 
        {
          "y": null, 
          "x": 406, 
          "z": null, 
          "values": [
            0.0033250000000000003
          ]
        }, 
        {
          "y": null, 
          "x": 407, 
          "z": null, 
          "values": [
            0.0033125
          ]
        }, 
        {
          "y": null, 
          "x": 408, 
          "z": null, 
          "values": [
            0.0033063
          ]
        }, 
        {
          "y": null, 
          "x": 409, 
          "z": null, 
          "values": [
            0.0033
          ]
        }, 
        {
          "y": null, 
          "x": 410, 
          "z": null, 
          "values": [
            0.0033
          ]
        }, 
        {
          "y": null, 
          "x": 413, 
          "z": null, 
          "values": [
            0.0033
          ]
        }, 
        {
          "y": null, 
          "x": 414, 
          "z": null, 
          "values": [
            0.0032938
          ]
        }, 
        {
          "y": null, 
          "x": 415, 
          "z": null, 
          "values": [
            0.0032938
          ]
        }, 
        {
          "y": null, 
          "x": 416, 
          "z": null, 
          "values": [
            0.0032938
          ]
        }, 
        {
          "y": null, 
          "x": 417, 
          "z": null, 
          "values": [
            0.0032812999999999996
          ]
        }, 
        {
          "y": null, 
          "x": 420, 
          "z": null, 
          "values": [
            0.0032812999999999996
          ]
        }, 
        {
          "y": null, 
          "x": 421, 
          "z": null, 
          "values": [
            0.0032688
          ]
        }, 
        {
          "y": null, 
          "x": 422, 
          "z": null, 
          "values": [
            0.0032688
          ]
        }, 
        {
          "y": null, 
          "x": 423, 
          "z": null, 
          "values": [
            0.0032688
          ]
        }, 
        {
          "y": null, 
          "x": 424, 
          "z": null, 
          "values": [
            0.0032688
          ]
        }, 
        {
          "y": null, 
          "x": 427, 
          "z": null, 
          "values": [
            0.0032688
          ]
        }, 
        {
          "y": null, 
          "x": 428, 
          "z": null, 
          "values": [
            0.0032688
          ]
        }, 
        {
          "y": null, 
          "x": 429, 
          "z": null, 
          "values": [
            0.0032688
          ]
        }, 
        {
          "y": null, 
          "x": 430, 
          "z": null, 
          "values": [
            0.0032688
          ]
        }, 
        {
          "y": null, 
          "x": 435, 
          "z": null, 
          "values": [
            0.003275
          ]
        }, 
        {
          "y": null, 
          "x": 436, 
          "z": null, 
          "values": [
            0.003275
          ]
        }, 
        {
          "y": null, 
          "x": 437, 
          "z": null, 
          "values": [
            0.003275
          ]
        }, 
        {
          "y": null, 
          "x": 438, 
          "z": null, 
          "values": [
            0.003275
          ]
        }, 
        {
          "y": null, 
          "x": 441, 
          "z": null, 
          "values": [
            0.003275
          ]
        }, 
        {
          "y": null, 
          "x": 442, 
          "z": null, 
          "values": [
            0.003275
          ]
        }, 
        {
          "y": null, 
          "x": 443, 
          "z": null, 
          "values": [
            0.003275
          ]
        }, 
        {
          "y": null, 
          "x": 444, 
          "z": null, 
          "values": [
            0.0032562999999999997
          ]
        }, 
        {
          "y": null, 
          "x": 445, 
          "z": null, 
          "values": [
            0.0032562999999999997
          ]
        }, 
        {
          "y": null, 
          "x": 448, 
          "z": null, 
          "values": [
            0.0032562999999999997
          ]
        }, 
        {
          "y": null, 
          "x": 449, 
          "z": null, 
          "values": [
            0.0032562999999999997
          ]
        }, 
        {
          "y": null, 
          "x": 450, 
          "z": null, 
          "values": [
            0.0032562999999999997
          ]
        }, 
        {
          "y": null, 
          "x": 451, 
          "z": null, 
          "values": [
            0.0032562999999999997
          ]
        }, 
        {
          "y": null, 
          "x": 452, 
          "z": null, 
          "values": [
            0.0032500000000000003
          ]
        }, 
        {
          "y": null, 
          "x": 455, 
          "z": null, 
          "values": [
            0.0032500000000000003
          ]
        }, 
        {
          "y": null, 
          "x": 456, 
          "z": null, 
          "values": [
            0.0032562999999999997
          ]
        }, 
        {
          "y": null, 
          "x": 457, 
          "z": null, 
          "values": [
            0.0032562999999999997
          ]
        }, 
        {
          "y": null, 
          "x": 458, 
          "z": null, 
          "values": [
            0.0032562999999999997
          ]
        }, 
        {
          "y": null, 
          "x": 459, 
          "z": null, 
          "values": [
            0.0032624999999999998
          ]
        }, 
        {
          "y": null, 
          "x": 463, 
          "z": null, 
          "values": [
            0.0032624999999999998
          ]
        }, 
        {
          "y": null, 
          "x": 464, 
          "z": null, 
          "values": [
            0.0032624999999999998
          ]
        }, 
        {
          "y": null, 
          "x": 465, 
          "z": null, 
          "values": [
            0.003275
          ]
        }, 
        {
          "y": null, 
          "x": 466, 
          "z": null, 
          "values": [
            0.0033063
          ]
        }, 
        {
          "y": null, 
          "x": 469, 
          "z": null, 
          "values": [
            0.0033125
          ]
        }, 
        {
          "y": null, 
          "x": 470, 
          "z": null, 
          "values": [
            0.0033125
          ]
        }, 
        {
          "y": null, 
          "x": 471, 
          "z": null, 
          "values": [
            0.0033125
          ]
        }, 
        {
          "y": null, 
          "x": 472, 
          "z": null, 
          "values": [
            0.0033250000000000003
          ]
        }, 
        {
          "y": null, 
          "x": 473, 
          "z": null, 
          "values": [
            0.0033250000000000003
          ]
        }, 
        {
          "y": null, 
          "x": 476, 
          "z": null, 
          "values": [
            0.0033250000000000003
          ]
        }, 
        {
          "y": null, 
          "x": 477, 
          "z": null, 
          "values": [
            0.0033250000000000003
          ]
        }, 
        {
          "y": null, 
          "x": 478, 
          "z": null, 
          "values": [
            0.0033250000000000003
          ]
        }, 
        {
          "y": null, 
          "x": 479, 
          "z": null, 
          "values": [
            0.00335
          ]
        }, 
        {
          "y": null, 
          "x": 480, 
          "z": null, 
          "values": [
            0.00335
          ]
        }, 
        {
          "y": null, 
          "x": 483, 
          "z": null, 
          "values": [
            0.00335
          ]
        }, 
        {
          "y": null, 
          "x": 484, 
          "z": null, 
          "values": [
            0.00335
          ]
        }, 
        {
          "y": null, 
          "x": 485, 
          "z": null, 
          "values": [
            0.00335
          ]
        }, 
        {
          "y": null, 
          "x": 486, 
          "z": null, 
          "values": [
            0.0033563
          ]
        }, 
        {
          "y": null, 
          "x": 487, 
          "z": null, 
          "values": [
            0.0033563
          ]
        }, 
        {
          "y": null, 
          "x": 491, 
          "z": null, 
          "values": [
            0.0033312999999999997
          ]
        }, 
        {
          "y": null, 
          "x": 492, 
          "z": null, 
          "values": [
            0.0033312999999999997
          ]
        }, 
        {
          "y": null, 
          "x": 493, 
          "z": null, 
          "values": [
            0.0033312999999999997
          ]
        }, 
        {
          "y": null, 
          "x": 494, 
          "z": null, 
          "values": [
            0.0033188000000000002
          ]
        }, 
        {
          "y": null, 
          "x": 497, 
          "z": null, 
          "values": [
            0.0033188000000000002
          ]
        }, 
        {
          "y": null, 
          "x": 498, 
          "z": null, 
          "values": [
            0.0033312999999999997
          ]
        }, 
        {
          "y": null, 
          "x": 499, 
          "z": null, 
          "values": [
            0.0033312999999999997
          ]
        }, 
        {
          "y": null, 
          "x": 500, 
          "z": null, 
          "values": [
            0.0033374999999999998
          ]
        }, 
        {
          "y": null, 
          "x": 501, 
          "z": null, 
          "values": [
            0.0033188000000000002
          ]
        }, 
        {
          "y": null, 
          "x": 504, 
          "z": null, 
          "values": [
            0.0033188000000000002
          ]
        }, 
        {
          "y": null, 
          "x": 505, 
          "z": null, 
          "values": [
            0.0033063
          ]
        }, 
        {
          "y": null, 
          "x": 506, 
          "z": null, 
          "values": [
            0.0033063
          ]
        }, 
        {
          "y": null, 
          "x": 507, 
          "z": null, 
          "values": [
            0.0033063
          ]
        }, 
        {
          "y": null, 
          "x": 508, 
          "z": null, 
          "values": [
            0.0033063
          ]
        }, 
        {
          "y": null, 
          "x": 511, 
          "z": null, 
          "values": [
            0.0033063
          ]
        }, 
        {
          "y": null, 
          "x": 512, 
          "z": null, 
          "values": [
            0.0033188000000000002
          ]
        }, 
        {
          "y": null, 
          "x": 513, 
          "z": null, 
          "values": [
            0.0033188000000000002
          ]
        }, 
        {
          "y": null, 
          "x": 514, 
          "z": null, 
          "values": [
            0.0033188000000000002
          ]
        }, 
        {
          "y": null, 
          "x": 515, 
          "z": null, 
          "values": [
            0.0033188000000000002
          ]
        }, 
        {
          "y": null, 
          "x": 518, 
          "z": null, 
          "values": [
            0.0033188000000000002
          ]
        }, 
        {
          "y": null, 
          "x": 519, 
          "z": null, 
          "values": [
            0.0033188000000000002
          ]
        }, 
        {
          "y": null, 
          "x": 520, 
          "z": null, 
          "values": [
            0.0033188000000000002
          ]
        }, 
        {
          "y": null, 
          "x": 521, 
          "z": null, 
          "values": [
            0.0033188000000000002
          ]
        }, 
        {
          "y": null, 
          "x": 522, 
          "z": null, 
          "values": [
            0.0033188000000000002
          ]
        }, 
        {
          "y": null, 
          "x": 525, 
          "z": null, 
          "values": [
            0.0033188000000000002
          ]
        }, 
        {
          "y": null, 
          "x": 526, 
          "z": null, 
          "values": [
            0.0033188000000000002
          ]
        }, 
        {
          "y": null, 
          "x": 527, 
          "z": null, 
          "values": [
            0.0033188000000000002
          ]
        }, 
        {
          "y": null, 
          "x": 528, 
          "z": null, 
          "values": [
            0.0033188000000000002
          ]
        }, 
        {
          "y": null, 
          "x": 529, 
          "z": null, 
          "values": [
            0.0033188000000000002
          ]
        }, 
        {
          "y": null, 
          "x": 532, 
          "z": null, 
          "values": [
            0.0033188000000000002
          ]
        }, 
        {
          "y": null, 
          "x": 533, 
          "z": null, 
          "values": [
            0.0033188000000000002
          ]
        }, 
        {
          "y": null, 
          "x": 534, 
          "z": null, 
          "values": [
            0.0033188000000000002
          ]
        }, 
        {
          "y": null, 
          "x": 535, 
          "z": null, 
          "values": [
            0.0033063
          ]
        }, 
        {
          "y": null, 
          "x": 536, 
          "z": null, 
          "values": [
            0.0033063
          ]
        }, 
        {
          "y": null, 
          "x": 539, 
          "z": null, 
          "values": [
            0.0033
          ]
        }, 
        {
          "y": null, 
          "x": 540, 
          "z": null, 
          "values": [
            0.0033
          ]
        }, 
        {
          "y": null, 
          "x": 541, 
          "z": null, 
          "values": [
            0.0033
          ]
        }, 
        {
          "y": null, 
          "x": 542, 
          "z": null, 
          "values": [
            0.0033
          ]
        }, 
        {
          "y": null, 
          "x": 543, 
          "z": null, 
          "values": [
            0.0033
          ]
        }, 
        {
          "y": null, 
          "x": 546, 
          "z": null, 
          "values": [
            0.0032875
          ]
        }, 
        {
          "y": null, 
          "x": 547, 
          "z": null, 
          "values": [
            0.0032812999999999996
          ]
        }, 
        {
          "y": null, 
          "x": 548, 
          "z": null, 
          "values": [
            0.0032812999999999996
          ]
        }, 
        {
          "y": null, 
          "x": 549, 
          "z": null, 
          "values": [
            0.0032812999999999996
          ]
        }, 
        {
          "y": null, 
          "x": 550, 
          "z": null, 
          "values": [
            0.0032812999999999996
          ]
        }, 
        {
          "y": null, 
          "x": 553, 
          "z": null, 
          "values": [
            0.0032812999999999996
          ]
        }, 
        {
          "y": null, 
          "x": 554, 
          "z": null, 
          "values": [
            0.0032812999999999996
          ]
        }, 
        {
          "y": null, 
          "x": 555, 
          "z": null, 
          "values": [
            0.003275
          ]
        }, 
        {
          "y": null, 
          "x": 556, 
          "z": null, 
          "values": [
            0.003275
          ]
        }, 
        {
          "y": null, 
          "x": 557, 
          "z": null, 
          "values": [
            0.003275
          ]
        }, 
        {
          "y": null, 
          "x": 560, 
          "z": null, 
          "values": [
            0.003275
          ]
        }, 
        {
          "y": null, 
          "x": 561, 
          "z": null, 
          "values": [
            0.003275
          ]
        }, 
        {
          "y": null, 
          "x": 562, 
          "z": null, 
          "values": [
            0.003275
          ]
        }, 
        {
          "y": null, 
          "x": 563, 
          "z": null, 
          "values": [
            0.003275
          ]
        }, 
        {
          "y": null, 
          "x": 564, 
          "z": null, 
          "values": [
            0.003275
          ]
        }, 
        {
          "y": null, 
          "x": 567, 
          "z": null, 
          "values": [
            0.0032688
          ]
        }, 
        {
          "y": null, 
          "x": 568, 
          "z": null, 
          "values": [
            0.0032688
          ]
        }, 
        {
          "y": null, 
          "x": 569, 
          "z": null, 
          "values": [
            0.0032688
          ]
        }, 
        {
          "y": null, 
          "x": 570, 
          "z": null, 
          "values": [
            0.0032688
          ]
        }, 
        {
          "y": null, 
          "x": 571, 
          "z": null, 
          "values": [
            0.0032688
          ]
        }, 
        {
          "y": null, 
          "x": 574, 
          "z": null, 
          "values": [
            0.0032688
          ]
        }, 
        {
          "y": null, 
          "x": 575, 
          "z": null, 
          "values": [
            0.0032438
          ]
        }, 
        {
          "y": null, 
          "x": 576, 
          "z": null, 
          "values": [
            0.0032063000000000005
          ]
        }, 
        {
          "y": null, 
          "x": 577, 
          "z": null, 
          "values": [
            0.0031938
          ]
        }, 
        {
          "y": null, 
          "x": 578, 
          "z": null, 
          "values": [
            0.0031938
          ]
        }, 
        {
          "y": null, 
          "x": 582, 
          "z": null, 
          "values": [
            0.0031688
          ]
        }, 
        {
          "y": null, 
          "x": 583, 
          "z": null, 
          "values": [
            0.0031688
          ]
        }, 
        {
          "y": null, 
          "x": 584, 
          "z": null, 
          "values": [
            0.0031938
          ]
        }, 
        {
          "y": null, 
          "x": 585, 
          "z": null, 
          "values": [
            0.0031938
          ]
        }, 
        {
          "y": null, 
          "x": 588, 
          "z": null, 
          "values": [
            0.0031938
          ]
        }, 
        {
          "y": null, 
          "x": 589, 
          "z": null, 
          "values": [
            0.0031938
          ]
        }, 
        {
          "y": null, 
          "x": 590, 
          "z": null, 
          "values": [
            0.0031938
          ]
        }, 
        {
          "y": null, 
          "x": 591, 
          "z": null, 
          "values": [
            0.0031813
          ]
        }, 
        {
          "y": null, 
          "x": 592, 
          "z": null, 
          "values": [
            0.0031688
          ]
        }, 
        {
          "y": null, 
          "x": 595, 
          "z": null, 
          "values": [
            0.0031688
          ]
        }, 
        {
          "y": null, 
          "x": 596, 
          "z": null, 
          "values": [
            0.0031688
          ]
        }, 
        {
          "y": null, 
          "x": 597, 
          "z": null, 
          "values": [
            0.00315
          ]
        }, 
        {
          "y": null, 
          "x": 598, 
          "z": null, 
          "values": [
            0.0031374999999999997
          ]
        }, 
        {
          "y": null, 
          "x": 599, 
          "z": null, 
          "values": [
            0.0031125000000000002
          ]
        }, 
        {
          "y": null, 
          "x": 602, 
          "z": null, 
          "values": [
            0.0031
          ]
        }, 
        {
          "y": null, 
          "x": 603, 
          "z": null, 
          "values": [
            0.0030875000000000004
          ]
        }, 
        {
          "y": null, 
          "x": 604, 
          "z": null, 
          "values": [
            0.0030875000000000004
          ]
        }, 
        {
          "y": null, 
          "x": 605, 
          "z": null, 
          "values": [
            0.0030875000000000004
          ]
        }, 
        {
          "y": null, 
          "x": 606, 
          "z": null, 
          "values": [
            0.0031125000000000002
          ]
        }, 
        {
          "y": null, 
          "x": 609, 
          "z": null, 
          "values": [
            0.0030875000000000004
          ]
        }, 
        {
          "y": null, 
          "x": 610, 
          "z": null, 
          "values": [
            0.0030875000000000004
          ]
        }, 
        {
          "y": null, 
          "x": 611, 
          "z": null, 
          "values": [
            0.0030875000000000004
          ]
        }, 
        {
          "y": null, 
          "x": 612, 
          "z": null, 
          "values": [
            0.0030875000000000004
          ]
        }, 
        {
          "y": null, 
          "x": 613, 
          "z": null, 
          "values": [
            0.0030875000000000004
          ]
        }, 
        {
          "y": null, 
          "x": 616, 
          "z": null, 
          "values": [
            0.0030875000000000004
          ]
        }, 
        {
          "y": null, 
          "x": 617, 
          "z": null, 
          "values": [
            0.0029563000000000002
          ]
        }, 
        {
          "y": null, 
          "x": 618, 
          "z": null, 
          "values": [
            0.0029313
          ]
        }, 
        {
          "y": null, 
          "x": 619, 
          "z": null, 
          "values": [
            0.0028938
          ]
        }, 
        {
          "y": null, 
          "x": 620, 
          "z": null, 
          "values": [
            0.0028938
          ]
        }, 
        {
          "y": null, 
          "x": 623, 
          "z": null, 
          "values": [
            0.0028938
          ]
        }, 
        {
          "y": null, 
          "x": 624, 
          "z": null, 
          "values": [
            0.0028938
          ]
        }, 
        {
          "y": null, 
          "x": 625, 
          "z": null, 
          "values": [
            0.0028688000000000003
          ]
        }, 
        {
          "y": null, 
          "x": 626, 
          "z": null, 
          "values": [
            0.0028688000000000003
          ]
        }, 
        {
          "y": null, 
          "x": 627, 
          "z": null, 
          "values": [
            0.0028499999999999997
          ]
        }, 
        {
          "y": null, 
          "x": 630, 
          "z": null, 
          "values": [
            0.0028438
          ]
        }, 
        {
          "y": null, 
          "x": 631, 
          "z": null, 
          "values": [
            0.0028313
          ]
        }, 
        {
          "y": null, 
          "x": 632, 
          "z": null, 
          "values": [
            0.0028313
          ]
        }, 
        {
          "y": null, 
          "x": 633, 
          "z": null, 
          "values": [
            0.0028313
          ]
        }, 
        {
          "y": null, 
          "x": 634, 
          "z": null, 
          "values": [
            0.0028313
          ]
        }, 
        {
          "y": null, 
          "x": 637, 
          "z": null, 
          "values": [
            0.002825
          ]
        }, 
        {
          "y": null, 
          "x": 638, 
          "z": null, 
          "values": [
            0.0028125
          ]
        }, 
        {
          "y": null, 
          "x": 639, 
          "z": null, 
          "values": [
            0.0028125
          ]
        }, 
        {
          "y": null, 
          "x": 640, 
          "z": null, 
          "values": [
            0.0028125
          ]
        }, 
        {
          "y": null, 
          "x": 641, 
          "z": null, 
          "values": [
            0.0028125
          ]
        }, 
        {
          "y": null, 
          "x": 644, 
          "z": null, 
          "values": [
            0.0028125
          ]
        }, 
        {
          "y": null, 
          "x": 645, 
          "z": null, 
          "values": [
            0.0028125
          ]
        }, 
        {
          "y": null, 
          "x": 646, 
          "z": null, 
          "values": [
            0.0028000000000000004
          ]
        }, 
        {
          "y": null, 
          "x": 647, 
          "z": null, 
          "values": [
            0.0028000000000000004
          ]
        }, 
        {
          "y": null, 
          "x": 648, 
          "z": null, 
          "values": [
            0.0028000000000000004
          ]
        }, 
        {
          "y": null, 
          "x": 651, 
          "z": null, 
          "values": [
            0.0027875
          ]
        }, 
        {
          "y": null, 
          "x": 652, 
          "z": null, 
          "values": [
            0.0027624999999999998
          ]
        }, 
        {
          "y": null, 
          "x": 653, 
          "z": null, 
          "values": [
            0.0027624999999999998
          ]
        }, 
        {
          "y": null, 
          "x": 654, 
          "z": null, 
          "values": [
            0.0027624999999999998
          ]
        }, 
        {
          "y": null, 
          "x": 655, 
          "z": null, 
          "values": [
            0.0027375
          ]
        }, 
        {
          "y": null, 
          "x": 658, 
          "z": null, 
          "values": [
            0.0027125
          ]
        }, 
        {
          "y": null, 
          "x": 659, 
          "z": null, 
          "values": [
            0.0026688000000000003
          ]
        }, 
        {
          "y": null, 
          "x": 660, 
          "z": null, 
          "values": [
            0.0026374999999999997
          ]
        }, 
        {
          "y": null, 
          "x": 661, 
          "z": null, 
          "values": [
            0.002625
          ]
        }, 
        {
          "y": null, 
          "x": 662, 
          "z": null, 
          "values": [
            0.0025875
          ]
        }, 
        {
          "y": null, 
          "x": 665, 
          "z": null, 
          "values": [
            0.0025688
          ]
        }, 
        {
          "y": null, 
          "x": 666, 
          "z": null, 
          "values": [
            0.0025688
          ]
        }, 
        {
          "y": null, 
          "x": 667, 
          "z": null, 
          "values": [
            0.00255
          ]
        }, 
        {
          "y": null, 
          "x": 668, 
          "z": null, 
          "values": [
            0.0025313
          ]
        }, 
        {
          "y": null, 
          "x": 669, 
          "z": null, 
          "values": [
            0.0025188
          ]
        }, 
        {
          "y": null, 
          "x": 672, 
          "z": null, 
          "values": [
            0.0025
          ]
        }, 
        {
          "y": null, 
          "x": 673, 
          "z": null, 
          "values": [
            0.0024875
          ]
        }, 
        {
          "y": null, 
          "x": 674, 
          "z": null, 
          "values": [
            0.0024625
          ]
        }, 
        {
          "y": null, 
          "x": 675, 
          "z": null, 
          "values": [
            0.0024375
          ]
        }, 
        {
          "y": null, 
          "x": 676, 
          "z": null, 
          "values": [
            0.00245
          ]
        }, 
        {
          "y": null, 
          "x": 679, 
          "z": null, 
          "values": [
            0.0024563
          ]
        }, 
        {
          "y": null, 
          "x": 680, 
          "z": null, 
          "values": [
            0.002425
          ]
        }, 
        {
          "y": null, 
          "x": 681, 
          "z": null, 
          "values": [
            0.0024124999999999997
          ]
        }, 
        {
          "y": null, 
          "x": 682, 
          "z": null, 
          "values": [
            0.002425
          ]
        }, 
        {
          "y": null, 
          "x": 683, 
          "z": null, 
          "values": [
            0.002425
          ]
        }, 
        {
          "y": null, 
          "x": 686, 
          "z": null, 
          "values": [
            0.0024288
          ]
        }, 
        {
          "y": null, 
          "x": 687, 
          "z": null, 
          "values": [
            0.0024288
          ]
        }, 
        {
          "y": null, 
          "x": 688, 
          "z": null, 
          "values": [
            0.0024288
          ]
        }, 
        {
          "y": null, 
          "x": 689, 
          "z": null, 
          "values": [
            0.0024288
          ]
        }, 
        {
          "y": null, 
          "x": 690, 
          "z": null, 
          "values": [
            0.0024288
          ]
        }, 
        {
          "y": null, 
          "x": 693, 
          "z": null, 
          "values": [
            0.0024413
          ]
        }, 
        {
          "y": null, 
          "x": 694, 
          "z": null, 
          "values": [
            0.0024413
          ]
        }, 
        {
          "y": null, 
          "x": 695, 
          "z": null, 
          "values": [
            0.0024413
          ]
        }, 
        {
          "y": null, 
          "x": 696, 
          "z": null, 
          "values": [
            0.0024413
          ]
        }, 
        {
          "y": null, 
          "x": 697, 
          "z": null, 
          "values": [
            0.0024413
          ]
        }, 
        {
          "y": null, 
          "x": 702, 
          "z": null, 
          "values": [
            0.0024438
          ]
        }, 
        {
          "y": null, 
          "x": 703, 
          "z": null, 
          "values": [
            0.0024413
          ]
        }, 
        {
          "y": null, 
          "x": 704, 
          "z": null, 
          "values": [
            0.0024413
          ]
        }, 
        {
          "y": null, 
          "x": 708, 
          "z": null, 
          "values": [
            0.0024288
          ]
        }, 
        {
          "y": null, 
          "x": 709, 
          "z": null, 
          "values": [
            0.0024288
          ]
        }, 
        {
          "y": null, 
          "x": 710, 
          "z": null, 
          "values": [
            0.0024288
          ]
        }, 
        {
          "y": null, 
          "x": 711, 
          "z": null, 
          "values": [
            0.0024313
          ]
        }, 
        {
          "y": null, 
          "x": 714, 
          "z": null, 
          "values": [
            0.0024313
          ]
        }, 
        {
          "y": null, 
          "x": 715, 
          "z": null, 
          "values": [
            0.0024313
          ]
        }, 
        {
          "y": null, 
          "x": 716, 
          "z": null, 
          "values": [
            0.0024313
          ]
        }, 
        {
          "y": null, 
          "x": 717, 
          "z": null, 
          "values": [
            0.0024313
          ]
        }, 
        {
          "y": null, 
          "x": 718, 
          "z": null, 
          "values": [
            0.0024313
          ]
        }, 
        {
          "y": null, 
          "x": 721, 
          "z": null, 
          "values": [
            0.0024313
          ]
        }, 
        {
          "y": null, 
          "x": 722, 
          "z": null, 
          "values": [
            0.0024313
          ]
        }, 
        {
          "y": null, 
          "x": 723, 
          "z": null, 
          "values": [
            0.0024313
          ]
        }, 
        {
          "y": null, 
          "x": 724, 
          "z": null, 
          "values": [
            0.0024313
          ]
        }, 
        {
          "y": null, 
          "x": 725, 
          "z": null, 
          "values": [
            0.0024313
          ]
        }, 
        {
          "y": null, 
          "x": 728, 
          "z": null, 
          "values": [
            0.0024313
          ]
        }, 
        {
          "y": null, 
          "x": 729, 
          "z": null, 
          "values": [
            0.0024313
          ]
        }, 
        {
          "y": null, 
          "x": 730, 
          "z": null, 
          "values": [
            0.0024313
          ]
        }, 
        {
          "y": null, 
          "x": 731, 
          "z": null, 
          "values": [
            0.0024313
          ]
        }, 
        {
          "y": null, 
          "x": 732, 
          "z": null, 
          "values": [
            0.0024313
          ]
        }, 
        {
          "y": null, 
          "x": 735, 
          "z": null, 
          "values": [
            0.0024313
          ]
        }, 
        {
          "y": null, 
          "x": 736, 
          "z": null, 
          "values": [
            0.0024313
          ]
        }, 
        {
          "y": null, 
          "x": 737, 
          "z": null, 
          "values": [
            0.0024313
          ]
        }, 
        {
          "y": null, 
          "x": 738, 
          "z": null, 
          "values": [
            0.0024438
          ]
        }, 
        {
          "y": null, 
          "x": 739, 
          "z": null, 
          "values": [
            0.0024313
          ]
        }, 
        {
          "y": null, 
          "x": 742, 
          "z": null, 
          "values": [
            0.0024313
          ]
        }, 
        {
          "y": null, 
          "x": 743, 
          "z": null, 
          "values": [
            0.0024188
          ]
        }, 
        {
          "y": null, 
          "x": 744, 
          "z": null, 
          "values": [
            0.0024188
          ]
        }, 
        {
          "y": null, 
          "x": 745, 
          "z": null, 
          "values": [
            0.0024188
          ]
        }, 
        {
          "y": null, 
          "x": 746, 
          "z": null, 
          "values": [
            0.0024313
          ]
        }, 
        {
          "y": null, 
          "x": 749, 
          "z": null, 
          "values": [
            0.0024313
          ]
        }, 
        {
          "y": null, 
          "x": 750, 
          "z": null, 
          "values": [
            0.0024313
          ]
        }, 
        {
          "y": null, 
          "x": 751, 
          "z": null, 
          "values": [
            0.0024313
          ]
        }, 
        {
          "y": null, 
          "x": 752, 
          "z": null, 
          "values": [
            0.0024313
          ]
        }, 
        {
          "y": null, 
          "x": 753, 
          "z": null, 
          "values": [
            0.0024313
          ]
        }, 
        {
          "y": null, 
          "x": 756, 
          "z": null, 
          "values": [
            0.0024313
          ]
        }, 
        {
          "y": null, 
          "x": 757, 
          "z": null, 
          "values": [
            0.0024313
          ]
        }, 
        {
          "y": null, 
          "x": 758, 
          "z": null, 
          "values": [
            0.0024313
          ]
        }, 
        {
          "y": null, 
          "x": 759, 
          "z": null, 
          "values": [
            0.0024313
          ]
        }, 
        {
          "y": null, 
          "x": 760, 
          "z": null, 
          "values": [
            0.0024313
          ]
        }, 
        {
          "y": null, 
          "x": 763, 
          "z": null, 
          "values": [
            0.0024313
          ]
        }, 
        {
          "y": null, 
          "x": 764, 
          "z": null, 
          "values": [
            0.0024313
          ]
        }, 
        {
          "y": null, 
          "x": 765, 
          "z": null, 
          "values": [
            0.0024313
          ]
        }, 
        {
          "y": null, 
          "x": 766, 
          "z": null, 
          "values": [
            0.0024313
          ]
        }, 
        {
          "y": null, 
          "x": 767, 
          "z": null, 
          "values": [
            0.0024438
          ]
        }, 
        {
          "y": null, 
          "x": 770, 
          "z": null, 
          "values": [
            0.0024313
          ]
        }, 
        {
          "y": null, 
          "x": 771, 
          "z": null, 
          "values": [
            0.0024313
          ]
        }, 
        {
          "y": null, 
          "x": 772, 
          "z": null, 
          "values": [
            0.0024313
          ]
        }, 
        {
          "y": null, 
          "x": 773, 
          "z": null, 
          "values": [
            0.0024313
          ]
        }, 
        {
          "y": null, 
          "x": 774, 
          "z": null, 
          "values": [
            0.0024313
          ]
        }, 
        {
          "y": null, 
          "x": 777, 
          "z": null, 
          "values": [
            0.0024313
          ]
        }, 
        {
          "y": null, 
          "x": 778, 
          "z": null, 
          "values": [
            0.0024687999999999997
          ]
        }, 
        {
          "y": null, 
          "x": 779, 
          "z": null, 
          "values": [
            0.0024563
          ]
        }, 
        {
          "y": null, 
          "x": 780, 
          "z": null, 
          "values": [
            0.0024563
          ]
        }, 
        {
          "y": null, 
          "x": 781, 
          "z": null, 
          "values": [
            0.0024563
          ]
        }, 
        {
          "y": null, 
          "x": 784, 
          "z": null, 
          "values": [
            0.0024563
          ]
        }, 
        {
          "y": null, 
          "x": 785, 
          "z": null, 
          "values": [
            0.0024563
          ]
        }, 
        {
          "y": null, 
          "x": 786, 
          "z": null, 
          "values": [
            0.0024563
          ]
        }, 
        {
          "y": null, 
          "x": 787, 
          "z": null, 
          "values": [
            0.0024563
          ]
        }, 
        {
          "y": null, 
          "x": 788, 
          "z": null, 
          "values": [
            0.0024563
          ]
        }, 
        {
          "y": null, 
          "x": 791, 
          "z": null, 
          "values": [
            0.0024563
          ]
        }, 
        {
          "y": null, 
          "x": 792, 
          "z": null, 
          "values": [
            0.0024563
          ]
        }, 
        {
          "y": null, 
          "x": 793, 
          "z": null, 
          "values": [
            0.0024563
          ]
        }, 
        {
          "y": null, 
          "x": 794, 
          "z": null, 
          "values": [
            0.0024563
          ]
        }, 
        {
          "y": null, 
          "x": 795, 
          "z": null, 
          "values": [
            0.0024563
          ]
        }, 
        {
          "y": null, 
          "x": 798, 
          "z": null, 
          "values": [
            0.0024563
          ]
        }, 
        {
          "y": null, 
          "x": 799, 
          "z": null, 
          "values": [
            0.0024563
          ]
        }, 
        {
          "y": null, 
          "x": 800, 
          "z": null, 
          "values": [
            0.0024563
          ]
        }, 
        {
          "y": null, 
          "x": 801, 
          "z": null, 
          "values": [
            0.0024563
          ]
        }, 
        {
          "y": null, 
          "x": 802, 
          "z": null, 
          "values": [
            0.0024563
          ]
        }, 
        {
          "y": null, 
          "x": 805, 
          "z": null, 
          "values": [
            0.0024563
          ]
        }, 
        {
          "y": null, 
          "x": 806, 
          "z": null, 
          "values": [
            0.0024563
          ]
        }, 
        {
          "y": null, 
          "x": 807, 
          "z": null, 
          "values": [
            0.0024563
          ]
        }, 
        {
          "y": null, 
          "x": 808, 
          "z": null, 
          "values": [
            0.0024563
          ]
        }, 
        {
          "y": null, 
          "x": 809, 
          "z": null, 
          "values": [
            0.0024563
          ]
        }, 
        {
          "y": null, 
          "x": 812, 
          "z": null, 
          "values": [
            0.0024563
          ]
        }, 
        {
          "y": null, 
          "x": 813, 
          "z": null, 
          "values": [
            0.0024563
          ]
        }, 
        {
          "y": null, 
          "x": 814, 
          "z": null, 
          "values": [
            0.0024563
          ]
        }, 
        {
          "y": null, 
          "x": 815, 
          "z": null, 
          "values": [
            0.0024563
          ]
        }, 
        {
          "y": null, 
          "x": 820, 
          "z": null, 
          "values": [
            0.0024438
          ]
        }, 
        {
          "y": null, 
          "x": 821, 
          "z": null, 
          "values": [
            0.0024438
          ]
        }, 
        {
          "y": null, 
          "x": 822, 
          "z": null, 
          "values": [
            0.0024313
          ]
        }, 
        {
          "y": null, 
          "x": 827, 
          "z": null, 
          "values": [
            0.0024313
          ]
        }, 
        {
          "y": null, 
          "x": 828, 
          "z": null, 
          "values": [
            0.0024313
          ]
        }, 
        {
          "y": null, 
          "x": 829, 
          "z": null, 
          "values": [
            0.0024313
          ]
        }, 
        {
          "y": null, 
          "x": 830, 
          "z": null, 
          "values": [
            0.0024313
          ]
        }, 
        {
          "y": null, 
          "x": 833, 
          "z": null, 
          "values": [
            0.0024313
          ]
        }, 
        {
          "y": null, 
          "x": 834, 
          "z": null, 
          "values": [
            0.0024313
          ]
        }, 
        {
          "y": null, 
          "x": 835, 
          "z": null, 
          "values": [
            0.0024313
          ]
        }, 
        {
          "y": null, 
          "x": 836, 
          "z": null, 
          "values": [
            0.0024313
          ]
        }, 
        {
          "y": null, 
          "x": 837, 
          "z": null, 
          "values": [
            0.0024313
          ]
        }, 
        {
          "y": null, 
          "x": 840, 
          "z": null, 
          "values": [
            0.0024313
          ]
        }, 
        {
          "y": null, 
          "x": 841, 
          "z": null, 
          "values": [
            0.0024313
          ]
        }, 
        {
          "y": null, 
          "x": 842, 
          "z": null, 
          "values": [
            0.0024313
          ]
        }, 
        {
          "y": null, 
          "x": 843, 
          "z": null, 
          "values": [
            0.0024313
          ]
        }, 
        {
          "y": null, 
          "x": 844, 
          "z": null, 
          "values": [
            0.0024313
          ]
        }, 
        {
          "y": null, 
          "x": 847, 
          "z": null, 
          "values": [
            0.0024188
          ]
        }, 
        {
          "y": null, 
          "x": 848, 
          "z": null, 
          "values": [
            0.0024188
          ]
        }, 
        {
          "y": null, 
          "x": 849, 
          "z": null, 
          "values": [
            0.0024188
          ]
        }, 
        {
          "y": null, 
          "x": 850, 
          "z": null, 
          "values": [
            0.0024188
          ]
        }, 
        {
          "y": null, 
          "x": 851, 
          "z": null, 
          "values": [
            0.0024188
          ]
        }, 
        {
          "y": null, 
          "x": 855, 
          "z": null, 
          "values": [
            0.0024188
          ]
        }, 
        {
          "y": null, 
          "x": 856, 
          "z": null, 
          "values": [
            0.0024156
          ]
        }, 
        {
          "y": null, 
          "x": 857, 
          "z": null, 
          "values": [
            0.0024156
          ]
        }, 
        {
          "y": null, 
          "x": 858, 
          "z": null, 
          "values": [
            0.0024156
          ]
        }, 
        {
          "y": null, 
          "x": 861, 
          "z": null, 
          "values": [
            0.0024156
          ]
        }, 
        {
          "y": null, 
          "x": 862, 
          "z": null, 
          "values": [
            0.0024156
          ]
        }, 
        {
          "y": null, 
          "x": 863, 
          "z": null, 
          "values": [
            0.0024156
          ]
        }, 
        {
          "y": null, 
          "x": 864, 
          "z": null, 
          "values": [
            0.0024156
          ]
        }, 
        {
          "y": null, 
          "x": 865, 
          "z": null, 
          "values": [
            0.0024156
          ]
        }, 
        {
          "y": null, 
          "x": 868, 
          "z": null, 
          "values": [
            0.0024156
          ]
        }, 
        {
          "y": null, 
          "x": 869, 
          "z": null, 
          "values": [
            0.0024156
          ]
        }, 
        {
          "y": null, 
          "x": 870, 
          "z": null, 
          "values": [
            0.0024156
          ]
        }, 
        {
          "y": null, 
          "x": 871, 
          "z": null, 
          "values": [
            0.0024156
          ]
        }, 
        {
          "y": null, 
          "x": 872, 
          "z": null, 
          "values": [
            0.0024156
          ]
        }, 
        {
          "y": null, 
          "x": 875, 
          "z": null, 
          "values": [
            0.0024156
          ]
        }, 
        {
          "y": null, 
          "x": 876, 
          "z": null, 
          "values": [
            0.0024156
          ]
        }, 
        {
          "y": null, 
          "x": 877, 
          "z": null, 
          "values": [
            0.0024156
          ]
        }, 
        {
          "y": null, 
          "x": 878, 
          "z": null, 
          "values": [
            0.0024156
          ]
        }, 
        {
          "y": null, 
          "x": 879, 
          "z": null, 
          "values": [
            0.0024156
          ]
        }, 
        {
          "y": null, 
          "x": 882, 
          "z": null, 
          "values": [
            0.0024156
          ]
        }, 
        {
          "y": null, 
          "x": 883, 
          "z": null, 
          "values": [
            0.0024156
          ]
        }, 
        {
          "y": null, 
          "x": 884, 
          "z": null, 
          "values": [
            0.0024156
          ]
        }, 
        {
          "y": null, 
          "x": 885, 
          "z": null, 
          "values": [
            0.0024156
          ]
        }, 
        {
          "y": null, 
          "x": 886, 
          "z": null, 
          "values": [
            0.0024156
          ]
        }, 
        {
          "y": null, 
          "x": 889, 
          "z": null, 
          "values": [
            0.0024156
          ]
        }, 
        {
          "y": null, 
          "x": 890, 
          "z": null, 
          "values": [
            0.0024156
          ]
        }, 
        {
          "y": null, 
          "x": 891, 
          "z": null, 
          "values": [
            0.0024156
          ]
        }, 
        {
          "y": null, 
          "x": 892, 
          "z": null, 
          "values": [
            0.0024156
          ]
        }, 
        {
          "y": null, 
          "x": 893, 
          "z": null, 
          "values": [
            0.0024156
          ]
        }, 
        {
          "y": null, 
          "x": 896, 
          "z": null, 
          "values": [
            0.0024156
          ]
        }, 
        {
          "y": null, 
          "x": 897, 
          "z": null, 
          "values": [
            0.0024156
          ]
        }, 
        {
          "y": null, 
          "x": 898, 
          "z": null, 
          "values": [
            0.0024156
          ]
        }, 
        {
          "y": null, 
          "x": 899, 
          "z": null, 
          "values": [
            0.0024156
          ]
        }, 
        {
          "y": null, 
          "x": 900, 
          "z": null, 
          "values": [
            0.0024156
          ]
        }, 
        {
          "y": null, 
          "x": 903, 
          "z": null, 
          "values": [
            0.0024156
          ]
        }, 
        {
          "y": null, 
          "x": 904, 
          "z": null, 
          "values": [
            0.0024156
          ]
        }, 
        {
          "y": null, 
          "x": 905, 
          "z": null, 
          "values": [
            0.0024156
          ]
        }, 
        {
          "y": null, 
          "x": 906, 
          "z": null, 
          "values": [
            0.0024156
          ]
        }, 
        {
          "y": null, 
          "x": 907, 
          "z": null, 
          "values": [
            0.0024156
          ]
        }, 
        {
          "y": null, 
          "x": 910, 
          "z": null, 
          "values": [
            0.0024156
          ]
        }, 
        {
          "y": null, 
          "x": 911, 
          "z": null, 
          "values": [
            0.0024156
          ]
        }, 
        {
          "y": null, 
          "x": 912, 
          "z": null, 
          "values": [
            0.0024156
          ]
        }, 
        {
          "y": null, 
          "x": 913, 
          "z": null, 
          "values": [
            0.0024156
          ]
        }, 
        {
          "y": null, 
          "x": 914, 
          "z": null, 
          "values": [
            0.0024156
          ]
        }, 
        {
          "y": null, 
          "x": 917, 
          "z": null, 
          "values": [
            0.0024156
          ]
        }, 
        {
          "y": null, 
          "x": 918, 
          "z": null, 
          "values": [
            0.0024156
          ]
        }, 
        {
          "y": null, 
          "x": 919, 
          "z": null, 
          "values": [
            0.0024156
          ]
        }, 
        {
          "y": null, 
          "x": 920, 
          "z": null, 
          "values": [
            0.0024156
          ]
        }, 
        {
          "y": null, 
          "x": 921, 
          "z": null, 
          "values": [
            0.0024156
          ]
        }, 
        {
          "y": null, 
          "x": 924, 
          "z": null, 
          "values": [
            0.0024156
          ]
        }, 
        {
          "y": null, 
          "x": 925, 
          "z": null, 
          "values": [
            0.0023844
          ]
        }, 
        {
          "y": null, 
          "x": 926, 
          "z": null, 
          "values": [
            0.0023844
          ]
        }, 
        {
          "y": null, 
          "x": 927, 
          "z": null, 
          "values": [
            0.0023844
          ]
        }, 
        {
          "y": null, 
          "x": 928, 
          "z": null, 
          "values": [
            0.002375
          ]
        }, 
        {
          "y": null, 
          "x": 931, 
          "z": null, 
          "values": [
            0.002375
          ]
        }, 
        {
          "y": null, 
          "x": 932, 
          "z": null, 
          "values": [
            0.002375
          ]
        }, 
        {
          "y": null, 
          "x": 933, 
          "z": null, 
          "values": [
            0.002375
          ]
        }, 
        {
          "y": null, 
          "x": 934, 
          "z": null, 
          "values": [
            0.002375
          ]
        }, 
        {
          "y": null, 
          "x": 935, 
          "z": null, 
          "values": [
            0.002375
          ]
        }, 
        {
          "y": null, 
          "x": 938, 
          "z": null, 
          "values": [
            0.002375
          ]
        }, 
        {
          "y": null, 
          "x": 939, 
          "z": null, 
          "values": [
            0.002375
          ]
        }, 
        {
          "y": null, 
          "x": 940, 
          "z": null, 
          "values": [
            0.0023875
          ]
        }, 
        {
          "y": null, 
          "x": 941, 
          "z": null, 
          "values": [
            0.0023875
          ]
        }, 
        {
          "y": null, 
          "x": 942, 
          "z": null, 
          "values": [
            0.0023875
          ]
        }, 
        {
          "y": null, 
          "x": 946, 
          "z": null, 
          "values": [
            0.0023875
          ]
        }, 
        {
          "y": null, 
          "x": 947, 
          "z": null, 
          "values": [
            0.0023875
          ]
        }, 
        {
          "y": null, 
          "x": 948, 
          "z": null, 
          "values": [
            0.0023875
          ]
        }, 
        {
          "y": null, 
          "x": 949, 
          "z": null, 
          "values": [
            0.0023875
          ]
        }
      ], 
      "id": {
        "type": "YIELD_CURVE", 
        "parameters": [
          "JPY", 
          "4MTD156N"
        ]
      }, 
      "metaData": {}
    }
  ], 
  "configuration": {}, 
  "historicalData": []
}